id,platform_id,asset,is_otc,amount,direction,entry_time,exit_time,entry_balance,exit_balance,result,profit,status,expiration,timeframe,model_votes,indicator_votes,wm_confidence,resolved_by,created_at
82,13628635489,EURUSD-OTC,1,14.0,call,2026-02-19T11:08:31.101793,,90832.95,,,,open,5,900,"{""lstm"": ""call"", ""rf"": ""call"", ""xgb"": ""call""}","{""bollinger"": null, ""ema"": null, ""macd"": null, ""momentum"": ""call"", ""roc"": null, ""rsi"": null, ""sma"": null, ""stochastic"": null, ""trend"": ""call""}",0.9701495045039387,,2026-02-19 11:08:31
81,13628625191,EURUSD-OTC,1,14.0,call,2026-02-19T11:02:21.720591,2026-02-19T11:07:21.890788,90846.95,90846.95,draw,0.0,closed,5,900,"{""lstm"": ""call"", ""rf"": ""call"", ""xgb"": ""call""}","{""bollinger"": null, ""ema"": null, ""macd"": null, ""momentum"": ""call"", ""roc"": null, ""rsi"": null, ""sma"": null, ""stochastic"": ""put"", ""trend"": ""call""}",0.9419660484397737,,2026-02-19 11:02:21
80,13628616043,GBPUSD-OTC,1,10.0,call,2026-02-19T10:57:19.466843,2026-02-19T11:02:19.637709,90860.95,90860.95,draw,0.0,closed,5,900,"{""lstm"": ""call"", ""rf"": ""put"", ""xgb"": ""call""}","{""bollinger"": null, ""ema"": null, ""macd"": null, ""momentum"": ""call"", ""roc"": null, ""rsi"": null, ""sma"": null, ""stochastic"": null, ""trend"": ""put""}",0.7825075734016735,,2026-02-19 10:57:19
79,13628602517,GBPUSD-OTC,1,10.0,call,2026-02-19T10:49:35.352918,2026-02-19T10:55:00.637605,90852.45,90870.95,win,18.5,closed,5,900,"{""lstm"": ""call"", ""rf"": ""put"", ""xgb"": ""call""}","{""bollinger"": null, ""ema"": null, ""macd"": null, ""momentum"": ""call"", ""roc"": null, ""rsi"": null, ""sma"": null, ""stochastic"": null, ""trend"": ""put""}",0.7705291010221228,,2026-02-19 10:49:35
78,13628591446,EURUSD-OTC,1,14.0,call,2026-02-19T10:43:26.589294,2026-02-19T10:48:26.754790,90836.55,90862.45,win,25.89999999999418,closed,5,900,"{""lstm"": ""call"", ""rf"": ""call"", ""xgb"": ""call""}","{""bollinger"": null, ""ema"": null, ""macd"": ""call"", ""momentum"": ""call"", ""roc"": ""call"", ""rsi"": null, ""sma"": null, ""stochastic"": null, ""trend"": ""call""}",0.9922500838012005,,2026-02-19 10:43:26
77,13628582877,GBPUSD-OTC,1,20.0,call,2026-02-19T10:38:24.332945,2026-02-19T10:43:24.502634,90813.55,90850.55,win,37.0,closed,5,900,"{""lstm"": ""call"", ""rf"": ""call"", ""xgb"": ""call""}","{""bollinger"": null, ""ema"": null, ""macd"": null, ""momentum"": ""call"", ""roc"": ""call"", ""rsi"": null, ""sma"": null, ""stochastic"": null, ""trend"": ""put""}",0.9958529708397418,,2026-02-19 10:38:24
76,13628572845,EURUSD-OTC,1,7.0,call,2026-02-19T10:32:16.484929,2026-02-19T10:37:16.692441,90820.6,90833.55,win,12.94999999999709,closed,5,900,"{""lstm"": ""call"", ""rf"": ""put"", ""xgb"": ""call""}","{""bollinger"": null, ""ema"": null, ""macd"": ""call"", ""momentum"": ""put"", ""roc"": ""call"", ""rsi"": null, ""sma"": null, ""stochastic"": null, ""trend"": ""call""}",0.9238504271248016,,2026-02-19 10:32:16
75,13628530669,GBPUSD-OTC,1,10.0,call,2026-02-19T10:09:44.345947,2026-02-19T10:15:00.666120,90809.1,90827.6,win,18.5,closed,5,900,"{""lstm"": ""call"", ""rf"": ""call"", ""xgb"": ""put""}","{""bollinger"": null, ""ema"": null, ""macd"": null, ""momentum"": ""put"", ""roc"": ""call"", ""rsi"": null, ""sma"": null, ""stochastic"": null, ""trend"": ""put""}",0.8211963727106758,,2026-02-19 10:09:44
74,13628514494,GBPUSD-OTC,1,10.0,call,2026-02-19T09:58:44.092125,2026-02-19T10:04:00.416847,90800.6,90819.1,win,18.5,closed,5,900,"{""lstm"": ""call"", ""rf"": ""put"", ""xgb"": ""call""}","{""bollinger"": null, ""ema"": null, ""macd"": null, ""momentum"": ""put"", ""roc"": ""put"", ""rsi"": null, ""sma"": null, ""stochastic"": null, ""trend"": ""call""}",0.7705778957303374,,2026-02-19 09:58:44
73,13628498848,EURUSD-OTC,1,10.0,call,2026-02-19T09:49:07.366877,2026-02-19T09:54:07.532751,90792.1,90810.6,win,18.5,closed,5,900,"{""lstm"": ""call"", ""rf"": ""call"", ""xgb"": ""put""}","{""bollinger"": null, ""ema"": null, ""macd"": null, ""momentum"": ""call"", ""roc"": null, ""rsi"": null, ""sma"": null, ""stochastic"": null, ""trend"": ""put""}",0.8862715442150182,,2026-02-19 09:49:07
72,13628485401,GBPUSD-OTC,1,20.0,call,2026-02-19T09:39:30.593564,2026-02-19T09:44:30.768674,90765.1,90802.1,win,37.0,closed,5,900,"{""lstm"": ""call"", ""rf"": ""call"", ""xgb"": ""call""}","{""bollinger"": null, ""ema"": null, ""macd"": null, ""momentum"": ""put"", ""roc"": ""call"", ""rsi"": null, ""sma"": null, ""stochastic"": null, ""trend"": ""call""}",0.9957842373962099,,2026-02-19 09:39:30
71,13628475738,GBPUSD-OTC,1,20.0,call,2026-02-19T09:33:19.717604,2026-02-19T09:38:19.891422,90785.1,90785.1,draw,0.0,closed,5,900,"{""lstm"": ""call"", ""rf"": ""call"", ""xgb"": ""call""}","{""bollinger"": null, ""ema"": null, ""macd"": null, ""momentum"": ""put"", ""roc"": ""call"", ""rsi"": null, ""sma"": null, ""stochastic"": null, ""trend"": ""call""}",0.9957842373962099,,2026-02-19 09:33:19
70,13628466792,GBPUSD-OTC,1,10.0,call,2026-02-19T09:27:09.376209,2026-02-19T09:32:09.545853,90805.1,90805.1,draw,0.0,closed,5,900,"{""lstm"": ""call"", ""rf"": ""put"", ""xgb"": ""call""}","{""bollinger"": null, ""ema"": null, ""macd"": null, ""momentum"": ""call"", ""roc"": null, ""rsi"": null, ""sma"": null, ""stochastic"": ""put"", ""trend"": ""call""}",0.9510997813166608,,2026-02-19 09:27:09
69,13628458151,GBPUSD-OTC,1,10.0,call,2026-02-19T09:20:37.943336,2026-02-19T09:26:00.554148,90796.6,90815.1,win,18.5,closed,5,900,"{""lstm"": ""call"", ""rf"": ""put"", ""xgb"": ""call""}","{""bollinger"": null, ""ema"": null, ""macd"": null, ""momentum"": ""put"", ""roc"": null, ""rsi"": null, ""sma"": null, ""stochastic"": null, ""trend"": ""call""}",0.9027674678733688,,2026-02-19 09:20:37
68,13628445261,GBPUSD-OTC,1,20.0,call,2026-02-19T09:12:09.776892,2026-02-19T09:17:09.957971,90806.6,90806.6,draw,0.0,closed,5,900,"{""lstm"": ""call"", ""rf"": ""call"", ""xgb"": ""call""}","{""bollinger"": null, ""ema"": null, ""macd"": null, ""momentum"": ""call"", ""roc"": null, ""rsi"": null, ""sma"": null, ""stochastic"": null, ""trend"": ""call""}",0.9975650375085101,,2026-02-19 09:12:09
67,13628436090,GBPUSD-OTC,1,10.0,call,2026-02-19T09:05:45.092675,2026-02-19T09:11:00.498297,90808.1,90826.6,win,18.5,closed,5,900,"{""lstm"": ""call"", ""rf"": ""call"", ""xgb"": ""put""}","{""bollinger"": null, ""ema"": null, ""macd"": null, ""momentum"": ""call"", ""roc"": null, ""rsi"": null, ""sma"": null, ""stochastic"": null, ""trend"": ""call""}",0.97800625233483,,2026-02-19 09:05:45
66,13628420206,GBPUSD-OTC,1,20.0,call,2026-02-19T08:54:47.119212,2026-02-19T09:00:00.957587,90818.1,90818.1,draw,0.0,closed,5,900,"{""lstm"": ""call"", ""rf"": ""call"", ""xgb"": ""call""}","{""bollinger"": null, ""ema"": null, ""macd"": null, ""momentum"": ""call"", ""roc"": null, ""rsi"": null, ""sma"": null, ""stochastic"": null, ""trend"": ""call""}",0.9975348231109915,,2026-02-19 08:54:47
65,13628403766,GBPUSD-OTC,1,20.0,call,2026-02-19T08:44:16.068664,2026-02-19T08:49:16.245685,90801.1,90838.1,win,37.0,closed,5,900,"{""lstm"": ""call"", ""rf"": ""call"", ""xgb"": ""call""}","{""bollinger"": null, ""ema"": null, ""macd"": null, ""momentum"": ""call"", ""roc"": null, ""rsi"": null, ""sma"": null, ""stochastic"": ""put"", ""trend"": ""call""}",0.9933188797115734,,2026-02-19 08:44:16
64,13628393206,GBPUSD-OTC,1,20.0,call,2026-02-19T08:36:45.541034,2026-02-19T08:42:00.482280,90784.1,90821.1,win,37.0,closed,5,900,"{""lstm"": ""call"", ""rf"": ""call"", ""xgb"": ""call""}","{""bollinger"": null, ""ema"": null, ""macd"": null, ""momentum"": ""call"", ""roc"": null, ""rsi"": null, ""sma"": null, ""stochastic"": ""put"", ""trend"": ""call""}",0.9932557802146599,,2026-02-19 08:36:45
63,13628362962,GBPUSD-OTC,1,20.0,call,2026-02-19T08:15:39.378535,2026-02-19T08:21:00.564392,90767.1,90804.1,win,37.0,closed,5,900,"{""lstm"": ""call"", ""rf"": ""call"", ""xgb"": ""call""}","{""bollinger"": null, ""ema"": null, ""macd"": null, ""momentum"": ""call"", ""roc"": null, ""rsi"": null, ""sma"": null, ""stochastic"": null, ""trend"": ""call""}",0.9974859460331091,,2026-02-19 08:15:39
62,13628346993,GBPUSD-OTC,1,10.0,call,2026-02-19T08:04:40.086493,2026-02-19T08:10:00.352491,90768.6,90787.1,win,18.5,closed,5,900,"{""lstm"": ""call"", ""rf"": ""put"", ""xgb"": ""call""}","{""bollinger"": null, ""ema"": null, ""macd"": null, ""momentum"": ""put"", ""roc"": null, ""rsi"": null, ""sma"": ""call"", ""stochastic"": null, ""trend"": ""call""}",0.9611540200962864,,2026-02-19 08:04:40
61,13628330702,EURJPY-OTC,1,10.0,call,2026-02-19T07:53:42.805410,2026-02-19T07:59:00.574994,90778.6,90778.6,draw,0.0,closed,5,900,"{""lstm"": ""put"", ""rf"": ""call"", ""xgb"": ""call""}","{""bollinger"": null, ""ema"": null, ""macd"": null, ""momentum"": ""call"", ""roc"": null, ""rsi"": null, ""sma"": null, ""stochastic"": null, ""trend"": ""call""}",0.925287993336818,,2026-02-19 07:53:42
60,13628316948,GBPUSD-OTC,1,10.0,call,2026-02-19T07:45:13.300095,2026-02-19T07:50:13.470066,90770.1,90788.6,win,18.5,closed,5,900,"{""lstm"": ""call"", ""rf"": ""put"", ""xgb"": ""call""}","{""bollinger"": null, ""ema"": null, ""macd"": null, ""momentum"": ""put"", ""roc"": null, ""rsi"": null, ""sma"": null, ""stochastic"": null, ""trend"": ""call""}",0.8914675330960977,,2026-02-19 07:45:13
59,13628307339,EURJPY-OTC,1,10.0,call,2026-02-19T07:39:02.962215,2026-02-19T07:44:03.230292,90761.6,90780.1,win,18.5,closed,5,900,"{""lstm"": ""put"", ""rf"": ""call"", ""xgb"": ""call""}","{""bollinger"": null, ""ema"": null, ""macd"": null, ""momentum"": ""call"", ""roc"": null, ""rsi"": null, ""sma"": null, ""stochastic"": null, ""trend"": ""call""}",0.9236899060994034,,2026-02-19 07:39:02
58,13628292444,GBPUSD-OTC,1,20.0,call,2026-02-19T07:29:25.466721,2026-02-19T07:34:25.641373,90771.6,90771.6,draw,0.0,closed,5,900,"{""lstm"": ""call"", ""rf"": ""call"", ""xgb"": ""call""}","{""bollinger"": null, ""ema"": null, ""macd"": null, ""momentum"": ""call"", ""roc"": null, ""rsi"": null, ""sma"": null, ""stochastic"": null, ""trend"": ""call""}",0.9973361846083447,,2026-02-19 07:29:25
57,13628280575,EURJPY-OTC,1,10.0,call,2026-02-19T07:20:33.387826,2026-02-19T07:26:00.373135,90791.6,90791.6,draw,0.0,closed,5,900,"{""lstm"": ""put"", ""rf"": ""call"", ""xgb"": ""call""}","{""bollinger"": null, ""ema"": null, ""macd"": null, ""momentum"": ""call"", ""roc"": null, ""rsi"": null, ""sma"": null, ""stochastic"": null, ""trend"": ""call""}",0.9236899060994034,,2026-02-19 07:20:33
56,13628273564,GBPUSD-OTC,1,10.0,call,2026-02-19T07:15:31.070578,2026-02-19T07:20:31.244410,90783.1,90801.6,win,18.5,closed,5,900,"{""lstm"": ""call"", ""rf"": ""call"", ""xgb"": ""put""}","{""bollinger"": null, ""ema"": null, ""macd"": null, ""momentum"": ""call"", ""roc"": null, ""rsi"": null, ""sma"": null, ""stochastic"": null, ""trend"": ""call""}",0.9770578932544657,,2026-02-19 07:15:31
55,13628264907,EURUSD-OTC,1,14.0,call,2026-02-19T07:09:20.342498,2026-02-19T07:14:20.500926,90793.1,90793.1,draw,0.0,closed,5,900,"{""lstm"": ""call"", ""rf"": ""call"", ""xgb"": ""call""}","{""bollinger"": null, ""ema"": null, ""macd"": null, ""momentum"": ""call"", ""roc"": null, ""rsi"": null, ""sma"": null, ""stochastic"": null, ""trend"": ""call""}",0.9647551708075989,,2026-02-19 07:09:20
54,13628255684,EURJPY-OTC,1,10.0,call,2026-02-19T07:03:12.436472,2026-02-19T07:08:12.606937,90807.1,90807.1,draw,0.0,closed,5,900,"{""lstm"": ""put"", ""rf"": ""call"", ""xgb"": ""call""}","{""bollinger"": null, ""ema"": null, ""macd"": null, ""momentum"": ""call"", ""roc"": null, ""rsi"": null, ""sma"": null, ""stochastic"": null, ""trend"": ""call""}",0.9291871748023165,,2026-02-19 07:03:12
53,13628246108,EURJPY-OTC,1,20.0,call,2026-02-19T06:57:02.471568,2026-02-19T07:02:02.646051,90780.1,90817.1,win,37.0,closed,5,900,"{""lstm"": ""call"", ""rf"": ""call"", ""xgb"": ""call""}","{""bollinger"": null, ""ema"": null, ""macd"": null, ""momentum"": ""call"", ""roc"": null, ""rsi"": null, ""sma"": null, ""stochastic"": null, ""trend"": ""call""}",0.9918255690113018,,2026-02-19 06:57:02
52,13628238945,GBPUSD-OTC,1,10.0,call,2026-02-19T06:51:40.671962,2026-02-19T06:57:00.414378,90800.1,90800.1,draw,0.0,closed,5,900,"{""lstm"": ""call"", ""rf"": ""call"", ""xgb"": ""put""}","{""bollinger"": null, ""ema"": null, ""macd"": null, ""momentum"": ""call"", ""roc"": null, ""rsi"": null, ""sma"": null, ""stochastic"": null, ""trend"": ""put""}",0.8871099100578468,,2026-02-19 06:51:40
51,13628227583,EURJPY-OTC,1,10.0,call,2026-02-19T06:43:14.776596,2026-02-19T06:48:14.960664,90810.1,90810.1,draw,0.0,closed,5,900,"{""lstm"": ""call"", ""rf"": ""call"", ""xgb"": ""put""}","{""bollinger"": null, ""ema"": null, ""macd"": null, ""momentum"": ""put"", ""roc"": null, ""rsi"": null, ""sma"": ""call"", ""stochastic"": null, ""trend"": ""call""}",0.9080031925939178,,2026-02-19 06:43:14
50,13628221087,GBPUSD-OTC,1,20.0,call,2026-02-19T06:38:12.532148,2026-02-19T06:43:12.702173,90820.1,90820.1,draw,0.0,closed,5,900,"{""lstm"": ""call"", ""rf"": ""call"", ""xgb"": ""call""}","{""bollinger"": null, ""ema"": null, ""macd"": ""call"", ""momentum"": ""call"", ""roc"": null, ""rsi"": null, ""sma"": null, ""stochastic"": null, ""trend"": ""put""}",0.9941104432790503,,2026-02-19 06:38:12
49,13628213060,EURJPY-OTC,1,10.0,call,2026-02-19T06:32:03.939976,2026-02-19T06:37:04.111778,90821.6,90840.1,win,18.5,closed,5,900,"{""lstm"": ""call"", ""rf"": ""call"", ""xgb"": ""put""}","{""bollinger"": null, ""ema"": null, ""macd"": null, ""momentum"": ""put"", ""roc"": null, ""rsi"": null, ""sma"": ""call"", ""stochastic"": null, ""trend"": ""call""}",0.9051891943158774,,2026-02-19 06:32:03
48,13628205676,EURUSD-OTC,1,7.0,call,2026-02-19T06:26:39.182645,2026-02-19T06:32:00.503466,90831.6,90831.6,draw,0.0,closed,5,900,"{""lstm"": ""call"", ""rf"": ""put"", ""xgb"": ""call""}","{""bollinger"": null, ""ema"": null, ""macd"": null, ""momentum"": ""call"", ""roc"": null, ""rsi"": null, ""sma"": null, ""stochastic"": null, ""trend"": ""call""}",0.8879577889925134,,2026-02-19 06:26:39
47,13628193117,GBPUSD-OTC,1,10.0,call,2026-02-19T06:18:13.484103,2026-02-19T06:23:13.660363,90820.1,90838.6,win,18.5,closed,5,900,"{""lstm"": ""call"", ""rf"": ""call"", ""xgb"": ""put""}","{""bollinger"": null, ""ema"": null, ""macd"": null, ""momentum"": ""call"", ""roc"": null, ""rsi"": null, ""sma"": null, ""stochastic"": null, ""trend"": ""put""}",0.8760608072857414,,2026-02-19 06:18:13
46,13628185492,EURUSD-OTC,1,7.0,call,2026-02-19T06:13:11.306103,2026-02-19T06:18:11.466548,90817.15,90830.1,win,12.950000000011642,closed,5,900,"{""lstm"": ""call"", ""rf"": ""call"", ""xgb"": ""put""}","{""bollinger"": null, ""ema"": null, ""macd"": null, ""momentum"": ""call"", ""roc"": null, ""rsi"": null, ""sma"": null, ""stochastic"": null, ""trend"": ""call""}",0.87869854555142,,2026-02-19 06:13:11
45,13628176062,EURUSD-OTC,1,14.0,call,2026-02-19T06:06:41.085356,2026-02-19T06:12:00.457455,90798.25,90824.15,win,25.89999999999418,closed,5,900,"{""lstm"": ""call"", ""rf"": ""call"", ""xgb"": ""call""}","{""bollinger"": null, ""ema"": null, ""macd"": null, ""momentum"": ""call"", ""roc"": null, ""rsi"": null, ""sma"": null, ""stochastic"": null, ""trend"": ""call""}",0.9632620003159565,,2026-02-19 06:06:41
44,13628166317,GBPUSD-OTC,1,20.0,call,2026-02-19T05:59:24.369167,2026-02-19T06:04:24.544728,90775.25,90812.25,win,37.0,closed,5,900,"{""lstm"": ""call"", ""rf"": ""call"", ""xgb"": ""call""}","{""bollinger"": null, ""ema"": null, ""macd"": null, ""momentum"": ""put"", ""roc"": null, ""rsi"": ""call"", ""sma"": null, ""stochastic"": ""call"", ""trend"": ""put""}",0.9884540779553205,,2026-02-19 05:59:24
43,13628158260,EURUSD-OTC,1,7.0,call,2026-02-19T05:53:12.196134,2026-02-19T05:58:12.376359,90795.25,90795.25,draw,0.0,closed,5,900,"{""lstm"": ""call"", ""rf"": ""put"", ""xgb"": ""call""}","{""bollinger"": null, ""ema"": null, ""macd"": null, ""momentum"": ""call"", ""roc"": null, ""rsi"": null, ""sma"": null, ""stochastic"": ""put"", ""trend"": ""call""}",0.7965271827753225,,2026-02-19 05:53:12
42,13628148996,EURJPY-OTC,1,10.0,call,2026-02-19T05:47:05.072018,2026-02-19T05:52:05.242581,90783.75,90802.25,win,18.5,closed,5,900,"{""lstm"": ""call"", ""rf"": ""put"", ""xgb"": ""call""}","{""bollinger"": null, ""ema"": null, ""macd"": null, ""momentum"": ""put"", ""roc"": null, ""rsi"": null, ""sma"": null, ""stochastic"": null, ""trend"": ""call""}",0.7530445479674717,,2026-02-19 05:47:05
41,13628141738,GBPUSD-OTC,1,10.0,call,2026-02-19T05:42:02.767871,2026-02-19T05:47:02.944701,90793.75,90793.75,draw,0.0,closed,5,900,"{""lstm"": ""call"", ""rf"": ""put"", ""xgb"": ""call""}","{""bollinger"": null, ""ema"": null, ""macd"": null, ""momentum"": ""put"", ""roc"": null, ""rsi"": ""call"", ""sma"": null, ""stochastic"": null, ""trend"": ""put""}",0.7911362435155033,,2026-02-19 05:42:02
40,13628133396,EURUSD-OTC,1,7.0,call,2026-02-19T05:36:39.905822,2026-02-19T05:42:00.615636,90790.8,90803.75,win,12.94999999999709,closed,5,900,"{""lstm"": ""call"", ""rf"": ""put"", ""xgb"": ""call""}","{""bollinger"": null, ""ema"": null, ""macd"": null, ""momentum"": ""call"", ""roc"": null, ""rsi"": null, ""sma"": null, ""stochastic"": null, ""trend"": ""call""}",0.8818491990241092,,2026-02-19 05:36:39
39,13628123592,GBPUSD-OTC,1,10.0,call,2026-02-19T05:30:31.670161,2026-02-19T05:35:31.850729,90797.8,90797.8,draw,0.0,closed,5,900,"{""lstm"": ""call"", ""rf"": ""put"", ""xgb"": ""call""}","{""bollinger"": null, ""ema"": null, ""macd"": null, ""momentum"": ""put"", ""roc"": null, ""rsi"": ""call"", ""sma"": null, ""stochastic"": null, ""trend"": ""put""}",0.7896719669367873,,2026-02-19 05:30:31
38,13628110382,EURJPY-OTC,1,20.0,call,2026-02-19T05:22:05.066232,2026-02-19T05:27:05.240771,90770.8,90807.8,win,37.0,closed,5,900,"{""lstm"": ""call"", ""rf"": ""call"", ""xgb"": ""call""}","{""bollinger"": null, ""ema"": null, ""macd"": null, ""momentum"": ""call"", ""roc"": ""call"", ""rsi"": null, ""sma"": null, ""stochastic"": null, ""trend"": ""call""}",0.9970402691799513,,2026-02-19 05:22:05
37,13628103286,GBPUSD-OTC,1,10.0,call,2026-02-19T05:17:02.794630,2026-02-19T05:22:02.979628,90790.8,90790.8,draw,0.0,closed,5,900,"{""lstm"": ""call"", ""rf"": ""put"", ""xgb"": ""call""}","{""bollinger"": null, ""ema"": null, ""macd"": null, ""momentum"": ""put"", ""roc"": null, ""rsi"": ""call"", ""sma"": null, ""stochastic"": null, ""trend"": ""put""}",0.789648982754423,,2026-02-19 05:17:02
36,13628094663,EURUSD-OTC,1,14.0,call,2026-02-19T05:11:36.541469,2026-02-19T05:17:00.517969,90774.9,90800.8,win,25.90000000000873,closed,5,900,"{""lstm"": ""call"", ""rf"": ""call"", ""xgb"": ""call""}","{""bollinger"": null, ""ema"": ""call"", ""macd"": null, ""momentum"": ""call"", ""roc"": null, ""rsi"": null, ""sma"": null, ""stochastic"": null, ""trend"": ""call""}",0.9808158264075489,,2026-02-19 05:11:36
35,13628084685,GBPUSD-OTC,1,10.0,call,2026-02-19T05:05:25.209000,2026-02-19T05:10:25.415636,90788.9,90788.9,draw,0.0,closed,5,900,"{""lstm"": ""put"", ""rf"": ""call"", ""xgb"": ""call""}","{""bollinger"": null, ""ema"": null, ""macd"": null, ""momentum"": ""call"", ""roc"": null, ""rsi"": ""call"", ""sma"": null, ""stochastic"": ""call"", ""trend"": ""put""}",0.9081098155523558,,2026-02-19 05:05:25
34,13628072199,EURUSD-OTC,1,14.0,call,2026-02-19T04:58:07.482624,2026-02-19T05:03:07.668267,90773.0,90798.9,win,25.89999999999418,closed,5,900,"{""lstm"": ""call"", ""rf"": ""call"", ""xgb"": ""call""}","{""bollinger"": null, ""ema"": null, ""macd"": null, ""momentum"": ""call"", ""roc"": null, ""rsi"": null, ""sma"": null, ""stochastic"": null, ""trend"": ""call""}",0.961971316742119,,2026-02-19 04:58:07
33,13628061717,EURUSD-OTC,1,14.0,call,2026-02-19T04:51:35.651600,2026-02-19T04:57:00.540993,90787.0,90787.0,draw,0.0,closed,5,900,"{""lstm"": ""call"", ""rf"": ""call"", ""xgb"": ""call""}","{""bollinger"": null, ""ema"": null, ""macd"": null, ""momentum"": ""call"", ""roc"": null, ""rsi"": null, ""sma"": null, ""stochastic"": null, ""trend"": ""call""}",0.961971316742119,,2026-02-19 04:51:35
32,13628049350,EURUSD-OTC,1,10.0,call,2026-02-19T04:43:15.575829,2026-02-19T04:48:15.752539,90782.5,90801.0,win,18.5,closed,5,900,"{""lstm"": ""call"", ""rf"": ""call"", ""xgb"": ""put""}","{""bollinger"": null, ""ema"": null, ""macd"": null, ""momentum"": ""call"", ""roc"": null, ""rsi"": null, ""sma"": ""call"", ""stochastic"": null, ""trend"": ""call""}",0.9902908689243176,,2026-02-19 04:43:15
31,13628039341,EURUSD-OTC,1,20.0,call,2026-02-19T04:37:07.803934,2026-02-19T04:42:07.972680,90755.5,90792.5,win,37.0,closed,5,900,"{""lstm"": ""call"", ""rf"": ""call"", ""xgb"": ""call""}","{""bollinger"": null, ""ema"": null, ""macd"": null, ""momentum"": ""put"", ""roc"": null, ""rsi"": null, ""sma"": ""call"", ""stochastic"": null, ""trend"": ""call""}",0.9939695489841038,,2026-02-19 04:37:07
30,13628029048,EURJPY-OTC,1,10.0,call,2026-02-19T04:31:02.509781,2026-02-19T04:36:02.685826,90775.5,90775.5,draw,0.0,closed,5,900,"{""lstm"": ""put"", ""rf"": ""call"", ""xgb"": ""call""}","{""bollinger"": null, ""ema"": null, ""macd"": ""call"", ""momentum"": ""call"", ""roc"": null, ""rsi"": null, ""sma"": null, ""stochastic"": null, ""trend"": ""put""}",0.8546102843896521,,2026-02-19 04:31:02
29,13628018947,EURUSD-OTC,1,10.0,call,2026-02-19T04:25:41.935220,2026-02-19T04:31:00.516772,90767.0,90785.5,win,18.5,closed,5,900,"{""lstm"": ""call"", ""rf"": ""put"", ""xgb"": ""call""}","{""bollinger"": null, ""ema"": null, ""macd"": null, ""momentum"": ""put"", ""roc"": ""call"", ""rsi"": null, ""sma"": null, ""stochastic"": null, ""trend"": ""call""}",0.9540598222076885,,2026-02-19 04:25:41
28,13628002363,EURUSD-OTC,1,10.0,call,2026-02-19T04:18:28.334847,2026-02-19T04:23:28.505930,90758.5,90777.0,win,18.5,closed,5,900,"{""lstm"": ""call"", ""rf"": ""put"", ""xgb"": ""call""}","{""bollinger"": null, ""ema"": null, ""macd"": null, ""momentum"": ""put"", ""roc"": null, ""rsi"": null, ""sma"": null, ""stochastic"": null, ""trend"": ""call""}",0.8663047005438866,,2026-02-19 04:18:28
27,13627979910,EURUSD-OTC,1,10.0,call,2026-02-19T04:08:33.860353,2026-02-19T04:14:00.718425,90768.5,90768.5,draw,0.0,closed,5,900,"{""lstm"": ""call"", ""rf"": ""put"", ""xgb"": ""call""}","{""bollinger"": null, ""ema"": null, ""macd"": null, ""momentum"": ""call"", ""roc"": null, ""rsi"": null, ""sma"": null, ""stochastic"": null, ""trend"": ""call""}",0.9730756695160362,,2026-02-19 04:08:33
26,13627968667,EURUSD-OTC,1,10.0,call,2026-02-19T04:02:27.131573,2026-02-19T04:07:27.308286,90778.5,90778.5,draw,0.0,closed,5,900,"{""lstm"": ""call"", ""rf"": ""put"", ""xgb"": ""call""}","{""bollinger"": null, ""ema"": null, ""macd"": null, ""momentum"": ""call"", ""roc"": null, ""rsi"": null, ""sma"": null, ""stochastic"": null, ""trend"": ""call""}",0.9730756695160362,,2026-02-19 04:02:27
25,13627953168,EURUSD-OTC,1,10.0,call,2026-02-19T03:55:09.468909,2026-02-19T04:00:09.650339,90788.5,90788.5,draw,0.0,closed,5,900,"{""lstm"": ""call"", ""rf"": ""put"", ""xgb"": ""call""}","{""bollinger"": null, ""ema"": null, ""macd"": null, ""momentum"": ""call"", ""roc"": ""call"", ""rsi"": null, ""sma"": null, ""stochastic"": null, ""trend"": ""put""}",0.953910834880641,,2026-02-19 03:55:09
24,13627939651,EURUSD-OTC,1,10.0,call,2026-02-19T03:48:34.213472,2026-02-19T03:54:00.459581,90780.0,90798.5,win,18.5,closed,5,900,"{""lstm"": ""call"", ""rf"": ""call"", ""xgb"": ""put""}","{""bollinger"": null, ""ema"": null, ""macd"": null, ""momentum"": ""call"", ""roc"": null, ""rsi"": null, ""sma"": null, ""stochastic"": null, ""trend"": ""put""}",0.8675524138609734,,2026-02-19 03:48:34
23,13627917838,EURJPY-OTC,1,10.0,call,2026-02-19T03:38:34.901655,2026-02-19T03:44:00.426137,90771.5,90790.0,win,18.5,closed,5,900,"{""lstm"": ""put"", ""rf"": ""call"", ""xgb"": ""call""}","{""bollinger"": null, ""ema"": null, ""macd"": null, ""momentum"": ""call"", ""roc"": null, ""rsi"": null, ""sma"": null, ""stochastic"": ""call"", ""trend"": ""put""}",0.8523481842361122,,2026-02-19 03:38:34
22,13627883062,EURUSD-OTC,1,20.0,call,2026-02-19T03:23:09.938145,2026-02-19T03:28:10.113242,90781.5,90781.5,draw,0.0,closed,5,900,"{""lstm"": ""call"", ""rf"": ""call"", ""xgb"": ""call""}","{""bollinger"": null, ""ema"": null, ""macd"": ""call"", ""momentum"": ""call"", ""roc"": null, ""rsi"": null, ""sma"": null, ""stochastic"": null, ""trend"": ""put""}",0.992708815109246,,2026-02-19 03:23:09
21,13627866572,EURUSD-OTC,1,10.0,call,2026-02-19T03:16:37.240147,2026-02-19T03:22:00.378956,90783.0,90801.5,win,18.5,closed,5,900,"{""lstm"": ""call"", ""rf"": ""put"", ""xgb"": ""call""}","{""bollinger"": null, ""ema"": null, ""macd"": ""call"", ""momentum"": ""call"", ""roc"": null, ""rsi"": null, ""sma"": null, ""stochastic"": null, ""trend"": ""put""}",0.9413646129562885,,2026-02-19 03:16:37
20,13627843165,EURUSD-OTC,1,10.0,call,2026-02-19T03:06:49.321239,2026-02-19T03:12:00.506727,90774.5,90793.0,win,18.5,closed,5,900,"{""lstm"": ""call"", ""rf"": ""put"", ""xgb"": ""call""}","{""bollinger"": null, ""ema"": null, ""macd"": null, ""momentum"": ""call"", ""roc"": null, ""rsi"": null, ""sma"": null, ""stochastic"": null, ""trend"": ""put""}",0.8552110825618991,,2026-02-19 03:06:49
19,13627544027,EURJPY-OTC,1,10.0,call,2026-02-19T01:14:33.727693,2026-02-19T01:20:00.462029,90784.5,90784.5,draw,0.0,closed,5,900,"{""lstm"": ""put"", ""rf"": ""call"", ""xgb"": ""call""}","{""bollinger"": null, ""ema"": null, ""macd"": null, ""momentum"": ""call"", ""roc"": null, ""rsi"": null, ""sma"": null, ""stochastic"": ""call"", ""trend"": ""put""}",0.850329522291526,,2026-02-19 01:14:33
18,13627522539,EURJPY-OTC,1,10.0,call,2026-02-19T01:06:04.926355,2026-02-19T01:11:05.100814,90794.5,90794.5,draw,0.0,closed,5,900,"{""lstm"": ""put"", ""rf"": ""call"", ""xgb"": ""call""}","{""bollinger"": null, ""ema"": null, ""macd"": null, ""momentum"": ""call"", ""roc"": null, ""rsi"": null, ""sma"": null, ""stochastic"": ""call"", ""trend"": ""put""}",0.850329522291526,,2026-02-19 01:06:04
17,13627376050,EURUSD-OTC,1,14.0,call,2026-02-19T00:13:33.651272,2026-02-19T00:19:00.672603,90804.5,90804.5,draw,0.0,closed,5,900,"{""lstm"": ""call"", ""rf"": ""call"", ""xgb"": ""call""}","{""bollinger"": null, ""ema"": null, ""macd"": null, ""momentum"": ""call"", ""roc"": null, ""rsi"": null, ""sma"": null, ""stochastic"": null, ""trend"": ""call""}",0.9579182903893181,,2026-02-19 00:13:33
16,13627355248,EURUSD-OTC,1,7.0,call,2026-02-19T00:06:13.096204,2026-02-19T00:11:13.267630,90818.5,90818.5,draw,0.0,closed,5,900,"{""lstm"": ""call"", ""rf"": ""put"", ""xgb"": ""call""}","{""bollinger"": null, ""ema"": null, ""macd"": null, ""momentum"": ""call"", ""roc"": null, ""rsi"": null, ""sma"": null, ""stochastic"": null, ""trend"": ""call""}",0.8675964660942607,,2026-02-19 00:06:13
15,13627337163,EURUSD-OTC,1,14.0,call,2026-02-19T00:00:03.438502,2026-02-19T00:05:03.862649,90825.5,90825.5,draw,0.0,closed,5,900,"{""lstm"": ""call"", ""rf"": ""call"", ""xgb"": ""call""}","{""bollinger"": null, ""ema"": null, ""macd"": null, ""momentum"": ""call"", ""roc"": null, ""rsi"": null, ""sma"": null, ""stochastic"": null, ""trend"": ""call""}",0.9579182903893181,,2026-02-19 00:00:03
14,13627302941,EURUSD-OTC,1,14.0,call,2026-02-18T23:48:09.475047,2026-02-18T23:53:09.643396,90813.6,90839.5,win,25.89999999999418,closed,5,900,"{""lstm"": ""call"", ""rf"": ""call"", ""xgb"": ""call""}","{""bollinger"": null, ""ema"": null, ""macd"": null, ""momentum"": ""call"", ""roc"": null, ""rsi"": null, ""sma"": null, ""stochastic"": null, ""trend"": ""call""}",0.9578139783439464,,2026-02-18 23:48:09
13,13627286395,EURUSD-OTC,1,14.0,call,2026-02-18T23:41:40.445360,2026-02-18T23:47:00.475432,90827.6,90827.6,draw,0.0,closed,5,900,"{""lstm"": ""call"", ""rf"": ""call"", ""xgb"": ""call""}","{""bollinger"": null, ""ema"": null, ""macd"": null, ""momentum"": ""call"", ""roc"": ""call"", ""rsi"": null, ""sma"": null, ""stochastic"": null, ""trend"": ""call""}",0.9796093047043695,,2026-02-18 23:41:40
12,13627268970,EURUSD-OTC,1,7.0,call,2026-02-18T23:35:30.796259,2026-02-18T23:40:30.966189,90828.65,90841.6,win,12.950000000011642,closed,5,900,"{""lstm"": ""call"", ""rf"": ""put"", ""xgb"": ""call""}","{""bollinger"": null, ""ema"": null, ""macd"": null, ""momentum"": ""call"", ""roc"": ""call"", ""rsi"": null, ""sma"": null, ""stochastic"": null, ""trend"": ""call""}",0.9322368328613758,,2026-02-18 23:35:30
11,13627251824,EURUSD-OTC,1,7.0,call,2026-02-18T23:29:19.749817,2026-02-18T23:34:19.925100,90822.7,90835.65,win,12.94999999999709,closed,5,900,"{""lstm"": ""call"", ""rf"": ""call"", ""xgb"": ""put""}","{""bollinger"": null, ""ema"": null, ""macd"": null, ""momentum"": ""put"", ""roc"": null, ""rsi"": null, ""sma"": ""call"", ""stochastic"": null, ""trend"": ""call""}",0.808310757862625,,2026-02-18 23:29:19
10,13627230718,EURUSD-OTC,1,7.0,call,2026-02-18T23:21:32.660881,2026-02-18T23:27:00.603974,90829.7,90829.7,draw,0.0,closed,5,900,"{""lstm"": ""call"", ""rf"": ""put"", ""xgb"": ""call""}","{""bollinger"": null, ""ema"": null, ""macd"": null, ""momentum"": ""put"", ""roc"": null, ""rsi"": null, ""sma"": ""call"", ""stochastic"": null, ""trend"": ""call""}",0.8060438410997172,,2026-02-18 23:21:32
9,13627213424,EURUSD-OTC,1,7.0,call,2026-02-18T23:15:21.539184,2026-02-18T23:20:21.708609,90823.75,90836.7,win,12.94999999999709,closed,5,900,"{""lstm"": ""call"", ""rf"": ""put"", ""xgb"": ""call""}","{""bollinger"": null, ""ema"": null, ""macd"": null, ""momentum"": ""put"", ""roc"": ""call"", ""rsi"": null, ""sma"": ""call"", ""stochastic"": null, ""trend"": ""call""}",0.8966267483742725,,2026-02-18 23:15:21
8,13627194779,EURUSD-OTC,1,7.0,call,2026-02-18T23:09:12.024449,2026-02-18T23:14:12.201862,90830.75,90830.75,draw,0.0,closed,5,900,"{""lstm"": ""call"", ""rf"": ""call"", ""xgb"": ""put""}","{""bollinger"": null, ""ema"": null, ""macd"": null, ""momentum"": ""put"", ""roc"": ""call"", ""rsi"": null, ""sma"": null, ""stochastic"": null, ""trend"": ""call""}",0.8140762351101625,,2026-02-18 23:09:12
7,13626441998,EURJPY-OTC,1,10.0,call,2026-02-18T17:50:19.901029,2026-02-18T17:55:20.151888,90822.75,90841.25,win,18.5,closed,5,900,"{""lstm"": ""put"", ""rf"": ""call"", ""xgb"": ""call""}","{""bollinger"": null, ""ema"": null, ""macd"": null, ""momentum"": ""call"", ""roc"": null, ""rsi"": null, ""sma"": null, ""stochastic"": null, ""trend"": ""call""}",0.9248368008007465,,2026-02-18 17:50:19
6,13626424042,EURJPY-OTC,1,10.0,call,2026-02-18T17:44:04.073906,2026-02-18T17:49:04.302588,90814.25,90832.75,win,18.5,closed,5,900,"{""lstm"": ""put"", ""rf"": ""call"", ""xgb"": ""call""}","{""bollinger"": null, ""ema"": null, ""macd"": null, ""momentum"": ""put"", ""roc"": ""call"", ""rsi"": null, ""sma"": null, ""stochastic"": null, ""trend"": ""call""}",0.856949368921414,,2026-02-18 17:44:04
5,13626408913,EURUSD-OTC,1,7.0,call,2026-02-18T17:38:34.510320,2026-02-18T17:43:59.304589,90811.3,90824.25,win,12.94999999999709,closed,5,900,"{""lstm"": ""put"", ""rf"": ""call"", ""xgb"": ""call""}","{""bollinger"": null, ""ema"": ""call"", ""macd"": null, ""momentum"": ""call"", ""roc"": null, ""rsi"": null, ""sma"": null, ""stochastic"": null, ""trend"": ""call""}",0.9133369178155407,,2026-02-18 17:38:34
4,13626392629,EURJPY-OTC,1,10.0,call,2026-02-18T17:32:17.781144,2026-02-18T17:37:18.050577,90799.8,90818.3,win,18.5,closed,5,900,"{""lstm"": ""put"", ""rf"": ""call"", ""xgb"": ""call""}","{""bollinger"": null, ""ema"": null, ""macd"": null, ""momentum"": ""put"", ""roc"": ""call"", ""rsi"": null, ""sma"": null, ""stochastic"": null, ""trend"": ""call""}",0.8500550161235335,,2026-02-18 17:32:17
3,13626378686,EURUSD-OTC,1,7.0,call,2026-02-18T17:27:13.283504,2026-02-18T17:32:13.538046,90796.85,90809.8,win,12.94999999999709,closed,5,900,"{""lstm"": ""call"", ""rf"": ""call"", ""xgb"": ""put""}","{""bollinger"": null, ""ema"": null, ""macd"": null, ""momentum"": ""put"", ""roc"": null, ""rsi"": null, ""sma"": ""call"", ""stochastic"": null, ""trend"": ""call""}",0.7982222600306985,,2026-02-18 17:27:13
2,13626361509,GBPUSD-OTC,1,10.0,call,2026-02-18T17:20:38.437218,2026-02-18T17:25:59.379114,90785.35,90803.85,win,18.5,closed,5,900,"{""lstm"": ""put"", ""rf"": ""call"", ""xgb"": ""call""}","{""bollinger"": null, ""ema"": null, ""macd"": null, ""momentum"": ""put"", ""roc"": null, ""rsi"": null, ""sma"": null, ""stochastic"": null, ""trend"": ""call""}",0.636739575661458,,2026-02-18 17:20:38
1,13626348546,EURUSD-OTC,1,7.0,call,2026-02-18T17:15:31.625798,2026-02-18T17:20:31.882431,90795.35,90795.35,draw,0.0,closed,5,900,"{""lstm"": ""call"", ""rf"": ""put"", ""xgb"": ""call""}","{""bollinger"": null, ""ema"": null, ""macd"": null, ""momentum"": ""put"", ""roc"": null, ""rsi"": null, ""sma"": ""call"", ""stochastic"": null, ""trend"": ""call""}",0.792561004302415,,2026-02-18 17:15:31
